,precision,recall,f1-score,support
负向,0.7391304347826086,0.6538461538461539,0.6938775510204082,78.0
中性,0.550561797752809,0.6363636363636364,0.5903614457831325,77.0
正向,0.8466257668711656,0.8313253012048193,0.8389057750759878,166.0
accuracy,0.7414330218068536,0.7414330218068536,0.7414330218068536,0.7414330218068536
macro avg,0.7121059998021945,0.7071783638048698,0.7077149239598429,321.0
weighted avg,0.7494869459209447,0.7414330218068536,0.7440456042601465,321.0
