epoch,global_step,train_loss,train_grad_norm_mean,train_grad_norm_max,learning_rate,valid_loss,valid_accuracy,valid_macro_precision,valid_macro_recall,valid_macro_f1,valid_weighted_f1,improved,epoch_seconds
1,94,0.585128978104097,11.13760859408277,22.918779373168945,9.980578254468252e-06,0.718166648413162,0.6915887850467289,0.6376738618134393,0.6470316831762615,0.6402532563523275,0.6927578891063744,True,13.535
2,188,0.2913467662190913,10.996584757845453,27.408838272094727,9.328192198293831e-06,0.7696278414622274,0.7133956386292835,0.6627663980208486,0.6657298524768404,0.6626506024096386,0.7110498067034493,True,12.041
3,282,0.15491580007267636,9.641872416151331,23.798776626586914,7.865241833660736e-06,0.8847596355687792,0.7414330218068536,0.7029662970839441,0.6978944750029088,0.7002354370775423,0.7403477541205037,True,11.722
4,376,0.09420907010751026,8.027685485938763,31.582475662231445,5.865701904824923e-06,1.0409144701616044,0.7289719626168224,0.6884934617492756,0.6806339577423914,0.6841192995039148,0.727349812899777,False,12.001
5,470,0.05868992630118211,6.8271289835584925,41.673675537109375,3.7040372288273784e-06,1.1282119988652404,0.7414330218068536,0.7121059998021945,0.7071783638048698,0.7077149239598429,0.7440456042601465,True,13.03
6,564,0.03727252666735679,4.811734028794664,44.881629943847656,1.7850746139392772e-06,1.2076135082779644,0.7289719626168224,0.6895303428132905,0.6806339577423914,0.6846123880015583,0.7263205288304591,False,11.039
7,658,0.027079267725410767,2.725033009305913,44.565216064453125,4.681887213662789e-07,1.2424005288572697,0.7258566978193146,0.6865245043022821,0.6855333421598483,0.6858218499963882,0.7268006055400938,False,11.554
