,precision,recall,f1-score,support
负向,0.7755102040816326,0.48717948717948717,0.5984251968503937,78.0
中性,0.5625,0.5844155844155844,0.5732484076433121,77.0
正向,0.7760416666666666,0.8975903614457831,0.8324022346368715,166.0
accuracy,0.7227414330218068,0.7227414330218068,0.7227414330218068,0.7227414330218068
macro avg,0.7046839569160998,0.6563951443469516,0.6680252797101924,321.0
weighted avg,0.7246891357789221,0.7227414330218068,0.7133833759893657,321.0
