,precision,recall,f1-score,support
负向,0.6933333333333334,0.6666666666666666,0.6797385620915033,78.0
中性,0.6481481481481481,0.45454545454545453,0.5343511450381679,77.0
正向,0.8072916666666666,0.9337349397590361,0.8659217877094972,166.0
accuracy,0.7538940809968847,0.7538940809968847,0.7538940809968847,0.7538940809968847
macro avg,0.7162577160493827,0.6849823536570524,0.6933371649463895,321.0
weighted avg,0.7414262432214145,0.7538940809968847,0.7411453668873916,321.0
