epoch,global_step,train_loss,train_grad_norm_mean,train_grad_norm_max,learning_rate,valid_loss,valid_accuracy,valid_macro_precision,valid_macro_recall,valid_macro_f1,valid_weighted_f1,improved,epoch_seconds
1,94,0.7927068908477707,8.27410133848799,17.48086929321289,9.980578254468252e-06,0.6601866725077882,0.7289719626168224,0.6930248326129332,0.643387402423547,0.6466336554225586,0.7023276102333527,True,13.978
2,188,0.5930483611531082,8.963167406143025,18.7206974029541,9.328192198293831e-06,0.6206191588785047,0.7538940809968847,0.7162577160493827,0.6849823536570524,0.6933371649463895,0.7411453668873916,True,13.665
3,282,0.4175595082965583,8.911730888042044,37.131103515625,7.865241833660736e-06,0.6782563111492407,0.7289719626168224,0.6829830981161904,0.6712945688849303,0.6759247569197857,0.7231688713767399,False,12.081
4,376,0.2691138430233783,9.076767254383006,22.81544303894043,5.865701904824923e-06,0.760972828137169,0.7414330218068536,0.7121337264413962,0.6724747809085159,0.6857279476361734,0.7299854858190701,False,11.332
