,precision,recall,f1-score,support
负向,0.6463414634146342,0.6794871794871795,0.6625,78.0
中性,0.5180722891566265,0.5584415584415584,0.5375,77.0
正向,0.8653846153846154,0.8132530120481928,0.8385093167701864,166.0
accuracy,0.719626168224299,0.719626168224299,0.719626168224299,0.719626168224299
macro avg,0.676599455985292,0.6837272499923102,0.6795031055900621,321.0
weighted avg,0.7288474970879996,0.719626168224299,0.7235359706662023,321.0
