,precision,recall,f1-score,support
负向,0.7846153846153846,0.6538461538461539,0.7132867132867133,78.0
中性,0.6493506493506493,0.6493506493506493,0.6493506493506493,77.0
正向,0.8435754189944135,0.9096385542168675,0.8753623188405797,166.0
accuracy,0.7850467289719626,0.7850467289719626,0.7850467289719626,0.7850467289719626
macro avg,0.7591804843201491,0.7376117858045568,0.7459998938259808,321.0
weighted avg,0.7826589394176717,0.7850467289719626,0.7817648241866039,321.0
