,precision,recall,f1-score,support
负向,0.7424242424242424,0.6282051282051282,0.6805555555555556,78.0
中性,0.5652173913043478,0.6753246753246753,0.6153846153846154,77.0
正向,0.8466257668711656,0.8313253012048193,0.8389057750759878,166.0
accuracy,0.7445482866043613,0.7445482866043613,0.7445482866043613,0.7445482866043613
macro avg,0.718089133533252,0.7116183682448742,0.7116153153387197,321.0
weighted avg,0.7538028266047949,0.7445482866043613,0.7468109264191984,321.0
