,precision,recall,f1-score,support
负向,0.7910447761194029,0.6794871794871795,0.7310344827586207,78.0
中性,0.7083333333333334,0.6623376623376623,0.6845637583892618,77.0
正向,0.8461538461538461,0.927710843373494,0.8850574712643678,166.0
accuracy,0.8037383177570093,0.8037383177570093,0.8037383177570093,0.8037383177570093
macro avg,0.7818439852021942,0.7565118950661119,0.7668852374707501,321.0
weighted avg,0.7997031079922696,0.8037383177570093,0.7995378170748617,321.0
