,precision,recall,f1-score,support
负向,0.6626506024096386,0.7051282051282052,0.6832298136645962,78.0
中性,0.6,0.5064935064935064,0.5492957746478874,77.0
正向,0.8208092485549133,0.8554216867469879,0.8377581120943953,166.0
accuracy,0.735202492211838,0.735202492211838,0.735202492211838,0.735202492211838
macro avg,0.6944866169881839,0.6890144661229,0.690094566802293,321.0
weighted avg,0.7294114711777802,0.735202492211838,0.7310141642411073,321.0
