epoch,global_step,train_loss,train_grad_norm_mean,train_grad_norm_max,learning_rate,valid_loss,valid_accuracy,valid_macro_precision,valid_macro_recall,valid_macro_f1,valid_weighted_f1,improved,epoch_seconds
1,94,0.536917042772108,18.58394307532209,56.394779205322266,9.980578254468252e-06,0.8624225747176791,0.6915887850467289,0.6524264842227954,0.6632784885796934,0.6558179276060278,0.6982744811078089,True,12.191
2,188,0.1328680644764948,11.821064601553248,31.146116256713867,9.328192198293831e-06,0.9710390085000487,0.735202492211838,0.6944866169881839,0.6890144661229,0.690094566802293,0.7310141642411073,True,11.81
3,282,0.07591759927047535,11.059670580828444,39.91421890258789,7.865241833660736e-06,1.0904119854032808,0.7165109034267912,0.677079463364293,0.6725463291728352,0.6746809835045129,0.7153430427207228,False,11.442
4,376,0.050718444008317876,8.858196562274973,46.63389205932617,5.865701904824923e-06,1.2545585038134615,0.735202492211838,0.6925556538816208,0.6776316053424488,0.6827279689415974,0.7282696741410433,False,11.771
